final_equity,total_return_pct,cagr_pct,max_dd_pct,sharpe_ratio,total_trades,win_rate_pct,profit_factor,levamount,long_bias,low_vol_offset,low_vol_days,high_vol_offset,high_vol_days
299000317.5,19833.354499999998,40.78518740320589,77.37189279645793,0.8427184942826813,3911,35.59192022500639,1.5976247463790108,5,4,5,9,1,5
291678792.49999905,19345.25283333327,40.559890186941,77.42006035445202,0.840156368724106,3913,37.132634807053414,1.5638014375694929,5,4,4,9,1,5
270580399.9999988,17938.693333333253,39.87974797386797,77.38099300990025,0.8328571811535554,3911,36.61467655331118,1.5523123294060706,5,4,4,10,1,5
263475584.9999996,17465.03899999997,39.6395066846823,77.35377191718442,0.8301099203475097,3909,36.83806600153492,1.5727350145416856,5,4,3,9,1,5
251902254.99999815,16693.483666666543,39.23487643494843,79.94672325262651,0.8092773930922667,3893,37.27202671461598,1.4624176098965413,8,4,4,9,1,5
250296472.49999866,16586.431499999908,39.177366174845574,79.9419115403228,0.8087594108483328,3921,35.98571792909972,1.4782145401819453,8,4,5,9,1,5
248925872.5000013,16495.058166666753,39.12800519146813,77.44434822196227,0.8246454883232205,3898,37.352488455618264,1.5647327635893298,5,4,3,10,1,5
237932230.0000003,15762.148666666686,38.72261939832595,79.82156359634358,0.8043109606789538,3904,37.16700819672131,1.4804183790080185,8,4,3,9,1,5
226704529.99999973,15013.635333333315,38.290100029230615,79.91029314780032,0.8001892498015531,3903,37.12528823981553,1.4382948175479704,8,4,4,10,1,5
223919777.49999994,14827.985166666662,38.179725300773136,80.09481716679227,0.7986542940621848,3895,37.2785622593068,1.4411209821171151,10,4,4,9,1,5
223545965.00000018,14803.064333333345,38.16481146253115,80.67836153617193,0.7985583492425723,3920,36.0204081632653,1.4588901664787661,10,4,5,9,1,5
220768959.9999991,14617.930666666607,38.05328243075265,80.12445551268114,0.7967776576322758,3894,37.26245505906523,1.4234588681100964,12,4,4,9,1,5
220313145.00000063,14587.543000000042,38.034850896597284,80.71253969968659,0.7966712621387383,3920,36.0204081632653,1.4406098544120451,12,4,5,9,1,5
215872782.50000018,14291.518833333344,37.85340825836316,79.84546039922752,0.795924096056814,3900,37.61538461538462,1.4593276454009017,8,4,3,10,1,5
211922107.50000036,14028.140500000023,37.68901617526132,80.85672867586882,0.7930251605438969,3894,37.28813559322034,1.39468824008738,18,4,4,9,1,5
211922107.50000036,14028.140500000023,37.68901617526132,80.85672867586882,0.7930251605438969,3894,37.28813559322034,1.39468824008738,20,4,4,9,1,5
211874532.49999952,14024.968833333302,37.68701911187649,81.4512347915822,0.7930792772583726,3921,36.03672532517215,1.4110566547054677,20,4,5,9,1,5
211874532.49999952,14024.968833333302,37.68701911187649,81.4512347915822,0.7930792772583726,3921,36.03672532517215,1.4110566547054677,18,4,5,9,1,5
209778594.99999967,13885.239666666643,37.59861864989127,79.9213413163779,0.7930575399411331,3901,37.19559087413484,1.4548817450495724,10,4,3,9,1,5
208358174.99999893,13790.54499999993,37.53823862731134,80.85178607528269,0.7917044750848076,3895,37.30423620025674,1.3944250762337793,15,4,4,9,1,5
208051500.00000024,13770.100000000017,37.52515178561491,81.4468145343406,0.7916598667906116,3921,36.03672532517215,1.4106421430318075,15,4,5,9,1,5
206827272.4999997,13688.484833333314,37.4727295019502,79.95884756648535,0.791235083489647,3903,37.22777350755829,1.43607512381192,12,4,3,9,1,5
200060350.00000015,13237.356666666676,37.17762137034375,80.21376082011254,0.7890787032862135,3903,37.12528823981553,1.4154017211469994,10,4,4,10,1,5
198740047.50000125,13149.336500000083,37.118955671579236,80.62031078711003,0.7876032805321207,3903,37.22777350755829,1.405785312118327,18,4,3,9,1,5
198740047.50000125,13149.336500000083,37.118955671579236,80.62031078711003,0.7876032805321207,3903,37.22777350755829,1.405785312118327,20,4,3,9,1,5
197203792.4999997,13046.919499999982,37.050233803940394,80.23906019031918,0.7872826001227838,3902,37.109174782162995,1.3983846611380557,12,4,4,10,1,5
195314840.00000045,12920.989333333364,36.96504484823955,80.6207168882787,0.7862507594447021,3901,37.221225326839274,1.4054443074693526,15,4,3,9,1,5
190577845.00000045,12605.189666666696,36.74797576171969,80.03598882798619,0.7849172310503699,3902,37.621732444900054,1.434259430176365,10,4,3,10,1,5
189417487.50000042,12527.832500000028,36.69403407159149,81.01289157790006,0.7836373646230254,3902,37.13480266529985,1.3710301184068565,20,4,4,10,1,5
189417487.50000042,12527.832500000028,36.69403407159149,81.01289157790006,0.7836373646230254,3902,37.13480266529985,1.3710301184068565,18,4,4,10,1,5
187548365.0000003,12403.224333333352,36.60649051626288,80.07125963747083,0.7830255141800062,3900,37.641025641025635,1.4154987597239341,12,4,3,10,1,5
186130117.50000015,12308.67450000001,36.53951820481658,81.0169739355125,0.7822769767501404,3904,37.14139344262295,1.3705703173295127,15,4,4,10,1,5
180270452.4999996,11918.03016666664,36.25765537687058,80.79293062859752,0.7794605515366171,3900,37.641025641025635,1.3860464127996035,18,4,3,10,1,5
180270452.4999996,11918.03016666664,36.25765537687058,80.79293062859752,0.7794605515366171,3900,37.641025641025635,1.3860464127996035,20,4,3,10,1,5
177380035.0000001,11725.335666666673,36.11544875837473,80.78436927258728,0.7782045529528749,3900,37.641025641025635,1.3860068687358316,15,4,3,10,1,5
169668277.50000018,11211.218500000012,35.72515341883506,69.96732366224741,0.8262237880719303,3919,35.64684868588926,1.5478959401546006,5,3,5,9,1,5
162785355.00000063,10752.357000000042,35.36252836982634,69.83779676339842,0.8214854658492933,3908,37.00102354145343,1.5074315156263878,5,3,4,9,1,5
157994937.4999998,10432.99583333332,35.1015816157789,72.64340255398653,0.7942801514296649,3900,37.07692307692308,1.4869451102965132,8,3,4,9,1,5
156233137.49999997,10315.542499999998,35.003746734838884,73.46012055323874,0.7928709474939428,3915,35.887611749680715,1.5013341791433135,8,3,5,9,1,5
150970617.50000077,9964.707833333385,34.70524326196347,69.769758080553,0.8126854558387268,3909,36.658992069583014,1.523460490295346,5,3,3,9,1,5
149206907.5000002,9847.127166666682,34.60302039005481,73.03356647758534,0.7829931329416889,3901,37.14432196872597,1.4441790803243963,12,3,4,9,1,5
149103064.9999993,9840.204333333288,34.59696660730089,73.0326830196159,0.7852861326784342,3897,37.07980497818835,1.4639696229898367,10,3,4,9,1,5
148071065.00000092,9771.404333333394,34.536588054399786,73.83651796929911,0.7820555532160868,3913,35.95706618962433,1.459758941019848,12,3,5,9,1,5
147857404.99999988,9757.160333333326,34.524038418782,73.83492765766265,0.7842438892447106,3916,35.929519918283965,1.4797035296926049,10,3,5,9,1,5
146502809.99999967,9666.853999999978,34.44407734328425,69.8301059937745,0.8092650421608416,3900,37.1025641025641,1.4782400285886188,5,3,4,10,1,5
146454112.5000008,9663.607500000053,34.4411898942379,72.52016410126532,0.7862134617764778,3896,36.935318275154,1.5073474224211219,8,3,3,9,1,5
145651837.49999997,9610.122499999998,34.39349041331663,73.02064867011535,0.7798343373369816,3898,37.095946639302205,1.4231790365855184,20,3,4,9,1,5
145651837.49999997,9610.122499999998,34.39349041331663,73.02064867011535,0.7798343373369816,3898,37.095946639302205,1.4231790365855184,18,3,4,9,1,5
144939167.50000045,9562.611166666697,34.35091184825308,73.02482058167699,0.7793819625498907,3898,37.095946639302205,1.4230669299833667,15,3,4,9,1,5
144641602.5000005,9542.773500000034,34.333075806387356,73.84188503050497,0.7789490871180962,3916,35.9805924412666,1.4384695135270382,18,3,5,9,1,5
144641602.5000005,9542.773500000034,34.333075806387356,73.84188503050497,0.7789490871180962,3916,35.9805924412666,1.4384695135270382,20,3,5,9,1,5
143873077.4999999,9491.538499999995,34.2868511437449,73.83613678686578,0.7784878223615024,3915,35.98978288633461,1.4382593332674483,15,3,5,9,1,5
141022090.00000063,9301.472666666708,34.11333020465026,72.39779719706297,0.7821721728720687,3888,37.26851851851852,1.4614199358924096,8,3,4,10,1,5
137834994.9999998,9088.999666666654,33.91542465933066,72.90928715336253,0.7747869743583137,3896,36.98665297741273,1.4599542203757243,12,3,3,9,1,5
137827430.00000006,9088.495333333338,33.91494983211294,72.90291976518704,0.7770645880986035,3896,36.935318275154,1.4813311887881884,10,3,3,9,1,5
136889487.5000012,9025.965833333414,33.855888915028885,69.84766998772328,0.8012355554957007,3895,37.48395378690629,1.4941896765829414,5,3,3,10,1,5
134594434.99999967,8872.962333333311,33.709760865874095,72.90295068149496,0.7716879807787602,3898,37.01898409440739,1.4376731266308875,18,3,3,9,1,5
134594434.99999967,8872.962333333311,33.709760865874095,72.90295068149496,0.7716879807787602,3898,37.01898409440739,1.4376731266308875,20,3,3,9,1,5
134099065.00000007,8839.93766666667,33.67791457674796,72.32301652857973,0.776810321279568,3887,37.664008232570104,1.4806580185526341,8,3,3,10,1,5
133955185.00000052,8830.345666666703,33.66864421272015,72.9115023167328,0.7712601474386765,3898,37.01898409440739,1.4376109900340024,15,3,3,9,1,5
132759207.50000013,8750.613833333342,33.59122341856975,72.78735996105996,0.7708840444083878,3888,37.31995884773662,1.41894805453738,12,3,4,10,1,5
132758904.99999993,8750.593666666662,33.59120375404139,72.78346779584794,0.7731330631879417,3886,37.26196603190942,1.4382203902617192,10,3,4,10,1,5
129586519.99999984,8539.101333333321,33.38263627158202,72.78726842435822,0.7677603784524325,3888,37.31995884773662,1.3989758861711854,18,3,4,10,1,5
129586519.99999984,8539.101333333321,33.38263627158202,72.78726842435822,0.7677603784524325,3888,37.31995884773662,1.3989758861711854,20,3,4,10,1,5
129078435.00000003,8505.229000000001,33.34878944625941,72.78700887760138,0.7674250285126727,3885,37.2972972972973,1.3989770090823224,15,3,4,10,1,5
126220497.50000025,8314.69983333335,33.15604968766588,72.7166813888733,0.7656338729907426,3886,37.699433865156976,1.4351061886171024,12,3,3,10,1,5
126081429.99999999,8305.428666666665,33.14656714132913,72.70067935744179,0.7677120827156724,3885,37.63191763191763,1.4554818608445705,10,3,3,10,1,5
123143775.00000055,8109.585000000036,32.94393765045438,72.70564956568452,0.7624800180760574,3886,37.72516726711272,1.41375404563978,18,3,3,10,1,5
123143775.00000055,8109.585000000036,32.94393765045438,72.70564956568452,0.7624800180760574,3886,37.72516726711272,1.41375404563978,20,3,3,10,1,5
122735700.00000012,8082.380000000007,32.915433080164355,72.71686223432498,0.7621980563237245,3885,37.70913770913771,1.4138893216226858,15,3,3,10,1,5
72024645.00000007,4701.643000000005,28.416479988482756,62.77317834675442,0.7818488328987055,3867,35.2211016291699,1.5216315644987182,5,2,5,9,1,5
70581567.5000001,4605.437833333341,28.248685643599902,61.61604765099297,0.7793379800055644,3843,35.88342440801457,1.4922542366442078,5,2,4,9,1,5
64991025.00000006,4232.735000000004,27.566820244934153,65.35724142591278,0.7431482179940009,3853,36.04983130028549,1.4475122890810195,8,2,4,9,1,5
64933947.499999896,4228.929833333326,27.559579684973112,65.4336166241795,0.7378412586009245,3849,36.113276175630034,1.4256331722421192,10,2,4,9,1,5
64555830.00000004,4203.7220000000025,27.511462734390758,61.43336384166194,0.7667985041004162,3837,35.861350013031014,1.5068842404706786,5,2,3,9,1,5
64507574.99999991,4200.504999999994,27.505303136355018,66.42119811120702,0.7416817939049655,3852,35.41017653167186,1.4595869580411969,8,2,5,9,1,5
64486027.50000012,4199.068500000008,27.50255127407444,66.46391867351623,0.7364453661433571,3856,35.45124481327801,1.4376980131390527,10,2,5,9,1,5
63063012.500000246,4104.20083333335,27.318884497749018,65.43389062123141,0.730456672546963,3852,36.11111111111111,1.3939990625066434,18,2,4,9,1,5
63063012.500000246,4104.20083333335,27.318884497749018,65.43389062123141,0.730456672546963,3852,36.11111111111111,1.3939990625066434,15,2,4,9,1,5
63063012.500000246,4104.20083333335,27.318884497749018,65.43389062123141,0.730456672546963,3852,36.11111111111111,1.3939990625066434,20,2,4,9,1,5
62758925.000000134,4083.928333333342,27.2791340085641,66.43575490529923,0.7293898776600138,3855,35.40856031128405,1.4062983039091967,18,2,5,9,1,5
62758925.000000134,4083.928333333342,27.2791340085641,66.43575490529923,0.7293898776600138,3855,35.40856031128405,1.4062983039091967,15,2,5,9,1,5
62758925.000000134,4083.928333333342,27.2791340085641,66.43575490529923,0.7293898776600138,3855,35.40856031128405,1.4062983039091967,20,2,5,9,1,5
62082040.0000002,4038.80266666668,27.190000389525416,65.41367224903203,0.7292417410916695,3851,36.12048818488704,1.3981147022422382,12,2,4,9,1,5
61680664.999999896,4012.0443333333264,27.136716190348743,61.20273407434317,0.7599824563373355,3841,36.00624837281958,1.4620226384822137,5,2,4,10,1,5
61668107.49999973,4011.207166666649,27.135043903007585,66.467613147394,0.7279601852037888,3856,35.45124481327801,1.4098095699715991,12,2,5,9,1,5
60666597.50000004,3944.439833333336,27.00063583689247,65.186748576227,0.7342895576724545,3830,36.21409921671018,1.4664627882186354,8,2,3,9,1,5
60553384.99999995,3936.89233333333,26.9853117574413,65.2437348347713,0.728940369675942,3830,36.26631853785901,1.4425354587900647,10,2,3,9,1,5
59599117.50000019,3873.2745000000127,26.855069614206784,61.09311766002381,0.755345743468185,3826,36.853110297961315,1.4869356542867076,5,2,3,10,1,5
58781955.00000025,3818.797000000017,26.741980281594202,65.2656777270624,0.7216032458036266,3827,36.26861771622681,1.4088266351205099,18,2,3,9,1,5
58781955.00000025,3818.797000000017,26.741980281594202,65.2656777270624,0.7216032458036266,3827,36.26861771622681,1.4088266351205099,20,2,3,9,1,5
58781955.00000025,3818.797000000017,26.741980281594202,65.2656777270624,0.7216032458036266,3827,36.26861771622681,1.4088266351205099,15,2,3,9,1,5
57961495.00000005,3764.09966666667,26.626945340038176,65.06367752002984,0.7230339345654844,3848,36.14864864864865,1.4039572467941501,10,2,4,10,1,5
57883022.49999994,3758.8681666666625,26.61586320066267,64.99008893101038,0.7278550488900464,3847,36.13205094879127,1.4242703744222511,8,2,4,10,1,5
57794239.99999996,3752.9493333333307,26.60330809268203,65.27426831541665,0.7202328695659586,3828,36.28526645768025,1.41238692471309,12,2,3,9,1,5
56140474.999999814,3642.698333333321,26.36608307177555,65.06575906550702,0.7155321641416512,3846,36.193447737909516,1.3728056234343347,20,2,4,10,1,5
56140474.999999814,3642.698333333321,26.36608307177555,65.06575906550702,0.7155321641416512,3846,36.193447737909516,1.3728056234343347,15,2,4,10,1,5
56140474.999999814,3642.698333333321,26.36608307177555,65.06575906550702,0.7155321641416512,3846,36.193447737909516,1.3728056234343347,18,2,4,10,1,5
55530212.49999997,3602.0141666666646,26.27688952406171,64.91403153368442,0.7225406115839365,3833,36.942342812418474,1.4428130975102986,8,2,3,10,1,5
55493465.0,3599.5643333333333,26.27148943145532,64.97411133252258,0.7175252163038133,3834,37.01095461658842,1.4206113113860628,10,2,3,10,1,5
55313182.49999954,3587.545499999969,26.244948130376102,65.06432568808582,0.7143669521004987,3844,36.18626430801249,1.3770236240015632,12,2,4,10,1,5
53966277.50000001,3497.7518333333337,26.044055934815624,64.95431924889986,0.7105315057034005,3834,37.01095461658842,1.3884069242226622,20,2,3,10,1,5
53966277.50000001,3497.7518333333337,26.044055934815624,64.95431924889986,0.7105315057034005,3834,37.01095461658842,1.3884069242226622,15,2,3,10,1,5
53966277.50000001,3497.7518333333337,26.044055934815624,64.95431924889986,0.7105315057034005,3834,37.01095461658842,1.3884069242226622,18,2,3,10,1,5
53089917.499999754,3439.3278333333174,25.910811961801784,64.94868637265584,0.7092267341789403,3834,37.03703703703704,1.3923012557052914,12,2,3,10,1,5
